contact_id,name,first_name,email,street,zipcode,city
,Aleshia,Tomkiewicz,atomkiewicz@hotmail.com,14 Taylor St,CT2 7PP,1
,Evan,Zigomalas,evan.zigomalas@gmail.com,5 Binney St,HP11 2AX,1
,France,Andrade,france.andrade@hotmail.com,8 Moor Place,BH6 3BE,1
,Ulysses,Mcwalters,ulysses@hotmail.com,505 Exeter Rd,DN36 5RP,1
,Tyisha,Veness,tyisha.veness@hotmail.com,5396 Forth Street,B70 9DT,1
,Eric,Rampy,erampy@rampy.co.uk,9472 Lind St,NN14 2GH,1
,Marg,Grasmick,marg@hotmail.com,7457 Cowl St #70,SO14 3TY,1
,Laquita,Hisaw,laquita@yahoo.com,20 Gloucester Pl #96,NE29 7AD,1
,Lura,Manzella,lura@hotmail.com,929 Augustine St,BS16 4LL,1
,Yuette,Klapec,yuette.klapec@klapec.co.uk,45 Bradfield St #166,DE6 1QN,1
,Fernanda,Writer,fernanda@writer.co.uk,620 Northampton St,DA2 7PP,1
,Charlesetta,Erm,charlesetta_erm@gmail.com,5 Hygeia St,S40 4LY,1
,Corrinne,Jaret,corrinne_jaret@gmail.com,2150 Morley St,DG8 7DE,1
,Niesha,Bruch,niesha.bruch@yahoo.com,24 Bolton St,EH52 5TL,1
,Rueben,Gastellum,rueben_gastellum@gastellum.co.uk,4 Forrest St,BS23 3HG,1
,Michell,Throssell,mthrossell@throssell.co.uk,89 Noon St,IP25 6JQ,1
,Edgar,Kanne,edgar.kanne@yahoo.com,99 Guthrie St,BH25 5DF,3
,Dewitt,Julio,dewitt.julio@hotmail.com,7 Richmond St,EX39 5DJ,3
,Charisse,Spinello,charisse_spinello@spinello.co.uk,9165 Primrose St,S4 7WN,3
,Mee,Lapinski,mee.lapinski@yahoo.com,9 Pengwern St,TQ3 1SA,3
,Peter,Gutierres,peter_gutierres@yahoo.com,4410 Tarlton St,LL19 9EG,3
,Octavio,Salvadore,octavio.salvadore@yahoo.com,6949 Bourne St,DY5 2QP,3
,Martha,Teplica,mteplica@teplica.co.uk,148 Rembrandt St,CR6 9SW,3
,Tamesha,Veigel,tveigel@veigel.co.uk,2200 Nelson St #58,PO30 5AL,3
,Tess,Sitra,tess_sitra@hotmail.com,61 Rossett St,PO19 1RH,3
,Leonard,Kufner,lkufner@kufner.co.uk,41 Canning St,HS1 2PZ,3
,Svetlana,Tauras,svetlana_tauras@tauras.co.uk,8289 Cadogan St,DN33 1AU,2
,Pok,Molaison,pok@yahoo.com,211 Hobart St,TR7 1LS,2
,Augustine,Growcock,augustine.growcock@growcock.co.uk,114 Falkland St #8845,RG7 4RF,2
,Karma,Quarto,kquarto@gmail.com,1 Birkett St,B33 0NH,1
,Reed,Weisinger,reed_weisinger@yahoo.com,5147 Blackstone St,SG6 3LE,1
,German,Zelaya,german@hotmail.com,7 Shenstone St,HU8 9PZ,1
,Milly,Savidge,milly@gmail.com,129 Alexander Pope St,DY11 9BW,1
,Luis,Ear,luis@hotmail.com,2 Birchfield Rd,SY11 4PH,1
,Ciara,Cobbley,ciara_cobbley@hotmail.com,7523 Kempton Rd,DL3 0JF,1
,Alethea,Mould,alethea@hotmail.com,6305 Elstow St,BN12 6PR,1
,Margurite,Loperfido,mloperfido@gmail.com,218 Greenbank Drive,SN10 3DU,2
,Vernice,Sperazza,vernice@yahoo.com,8921 Forge St,SL3 0PY,2
,Vicente,Rawicki,vicente_rawicki@hotmail.com,3060 St Ambrose Grove #261,WS9 8UR,2
,Craig,Cua,craig@hotmail.com,8388 Bessemer St #5,SW15 2RP,2
,Jenise,Dulle,jenise.dulle@hotmail.com,87 Pownall Sq,CB22 3BB,2
,Marylin,Cornelison,marylin_cornelison@yahoo.com,39 Wye St,WF1 1DR,2
,Marget,Gunst,mgunst@yahoo.com,2732 Bostock St #1,TR9 6NJ,2
,Annett,Bunselmeyer,abunselmeyer@hotmail.com,5562 Fairfield St #847,PO33 1HH,2
,Kip,Turziano,kip.turziano@yahoo.com,37 Meadow St,SS15 6LE,2
,Melina,Orizabal,melina@gmail.com,3 Nevison St,SO41 1DL,2
,Tina,Clapham,tclapham@gmail.com,5662 William Moult St,HP21 8PP,2
,Luisa,Devereux,ldevereux@gmail.com,3 North View #35,LS9 7JH,2
,Pedro,Aschoff,paschoff@yahoo.com,135 Opie St,SK13 8BB,2
,Carrol,Kunimitsu,carrol_kunimitsu@yahoo.com,1 Askew St,GU9 9AS,2
,Alba,Mosseri,alba@gmail.com,4 Burnall St,NG9 1AE,2
,Domonique,Sandlin,domonique@hotmail.com,95 Denton St,NG8 2NB,5
,Rory,Neufville,rory_neufville@neufville.co.uk,5 Chadwick St #7,SA44 5HF,5
,Dustin,Klingaman,dklingaman@gmail.com,67 Micawber St,SE14 6RQ,5
,Lyndia,Moonshower,lyndia_moonshower@moonshower.co.uk,43 Williamson St #7995,BN20 7HB,5
,Jules,Hiltner,jules@yahoo.com,5 Howe St,EH52 6NF,5
,Dong,Kopczynski,dkopczynski@kopczynski.co.uk,7 Cheapside #9,PL14 5PA,5
,Justine,Salta,justine_salta@yahoo.com,85 Bridgewater St,B34 7BP,5
,Chantay,Kamens,ckamens@hotmail.com,763 Parkfield Rd,WS11 9RH,5
,Tequila,Chisum,tequila.chisum@chisum.co.uk,662 Grove Park,NG6 8RG,5
,Maybelle,Consolazio,mconsolazio@yahoo.com,5410 Lawton St,CF42 6PL,5
,Margarett,Bairo,margarett@gmail.com,3 August Rd,GU21 5QL,5
,Janessa,Noonon,jnoonon@yahoo.com,476 Starkie St,GL1 1QW,5
,Sol,Cowser,sol@gmail.com,6448 Tillard St,DN12 4JF,5
,Louann,Smethers,louann@gmail.com,3055 Creswick St,CV21 1LN,5
,Lindsay,Yadao,lindsay_yadao@yadao.co.uk,7 Jolliffe St,CW10 9GB,5
,Malika,Hanton,malika@gmail.com,1175 Greig St,M25 0ZN,5
,Stefany,Ferenz,stefany@hotmail.com,636 Portland Place,TS1 4RG,2
,Abraham,Cratch,acratch@gmail.com,41 Benedict St,IG2 7QG,2
,Giuseppe,Rohaley,giuseppe@yahoo.com,62 Margaret St,SW3 4ND,2
,Kiera,Bassil,kbassil@bassil.co.uk,5152 Sophia St,BS15 8DS,2
,Wendell,Rubano,wendell_rubano@hotmail.com,1 Back Canning St,FK9 4LD,2
,Stevie,Stifflemire,stevie_stifflemire@stifflemire.co.uk,9 Gradwell St,RG22 5HA,2
,Yun,Paletta,yun_paletta@paletta.co.uk,9205 Upper Hill St,LS1 5QE,2
,Brittani,Thurm,bthurm@yahoo.com,9 Horatio St,TN26 2PN,2
,Billy,Venus,billy.venus@yahoo.com,61 Miriam St,NW8 9BD,2
,Brynn,Elkan,brynn@yahoo.com,67 Pulford St,SS2 6NL,2
,Elroy,Piehler,epiehler@piehler.co.uk,821 Pembroke Place,CA17 4RZ,2
,Anisha,Shulick,ashulick@yahoo.com,3 Alder St,ST2 9AW,2
,Bettina,Kham,bettina.kham@kham.co.uk,80 Morecambe St,DL14 6NG,2
,Velda,Mancilla,velda_mancilla@mancilla.co.uk,7866 Renshaw St #283,TR11 4QQ,2
,Marta,Brace,marta.brace@brace.co.uk,658 Lake St,SN16 0XZ,2
,Juan,Vanwyhe,juan_vanwyhe@gmail.com,5382 Redfern St,W1J 0QH,2
,Lelia,Filion,lelia.filion@filion.co.uk,45 Bidder St #38,EN1 3HT,2
,Una,Frankel,ufrankel@hotmail.com,6766 Britton St #379,BL1 3EX,2
,Eva,Joulwan,eva.joulwan@gmail.com,7 Lear Rd,GU32 3PQ,2
,Mammie,Dormanen,mammie_dormanen@hotmail.com,2577 Toxteth St #5,BB6 7UN,2
,Jeannetta,Coolidge,jeannetta_coolidge@gmail.com,761 Cockerell St #1,DE11 0HE,2
,Elbert,Drawe,edrawe@drawe.co.uk,9 Cypress St,NE38 9AQ,6
,Lenny,Gazzola,lenny.gazzola@yahoo.com,6 Romilly St,NE6 4YH,6
,Mira,Alpheaus,mira.alpheaus@yahoo.com,51 St Anne St #12,RG7 3RA,6
,Cathern,Ungar,cathern.ungar@ungar.co.uk,823 Idris St,NG16 5LG,6
,Malcom,Fleckles,malcom.fleckles@gmail.com,8764 Nickleby St #877,G51 1BQ,6
,Monroe,Damato,mdamato@damato.co.uk,5344 Bengel St #5,E14 5DR,6
,Leota,Fletchen,lfletchen@gmail.com,8880 Great Howard St #7750,L29 7WD,6
,Berry,Gutoski,berry@gmail.com,9 Oakleigh,BN15 9BN,6
,Meghan,Riherd,meghan@riherd.co.uk,83 Denbigh St Bootle,TR3 7AZ,6
,Mike,Torner,mike_torner@torner.co.uk,30 Aughton St,AB24 2RR,6
,Elsa,Delisle,elsa_delisle@gmail.com,260 Saxon St,M33 4BP,6
,Linwood,Rosenlof,linwood.rosenlof@yahoo.com,3 Pyramid St,WA10 3BW,6
,Latosha,Alexy,latosha@yahoo.com,37 Langham St #948,KT13 0AZ,6
,Alexia,Meenan,alexia.meenan@meenan.co.uk,94 Villars St,EX23 9LG,6
,Graham,Stanwick,gstanwick@gmail.com,73 Hawkstone St,G52 4YG,6
,Elinore,Fulda,elinore.fulda@fulda.co.uk,123 Sussex St,BL1 6PY,6
,Lisbeth,Creecy,lcreecy@gmail.com,484 Barry St,DH4 7RG,6
,Eloisa,Faurote,eloisa.faurote@hotmail.com,7033 Micawber St,NR20 5NQ,6
,Shawana,Cantua,shawana@yahoo.com,33 Vipond St,HP2 7JP,6
,Alyssa,Ansbro,alyssa_ansbro@gmail.com,85 Hero St,DL13 2TZ,6
,Kyoko,Mcmillian,kyoko_mcmillian@gmail.com,77 Reading St #8,EX20 2TR,6
,Terry,Gauthier,tgauthier@yahoo.com,274 Altcar Ave,DL10 7NU,6
,Sena,Langenbach,sena.langenbach@hotmail.com,38 Avondale Rd #79,BA3 5SJ,3
,Cristen,Nesset,cnesset@nesset.co.uk,4679 Curzon St,BB5 0SJ,3
,Lashawn,Ker,lashawn.ker@gmail.com,13 Nelson Rd,BS4 1HT,3
,Wade,Sovel,wade@hotmail.com,2546 Hunter St,AB53 6YD,3
,Whitney,Tishler,whitney@gmail.com,77 Mason St #650,OL16 3AW,3
,Deja,Conatser,deja.conatser@hotmail.com,94 Wakefield St,CO10 9PU,3
,Earnestine,Casper,earnestine_casper@hotmail.com,529 Stalmine Rd #3680,CB11 4DJ,3
,Frankie,Marruffo,fmarruffo@gmail.com,52 Morningside Rd #1,SA8 3HE,3
,Paola,Dease,pdease@gmail.com,94 Enid St,CT7 9BG,3
,Rodrigo,Hawkin,rodrigo@hotmail.com,661 Great Crosshall St,EH5 2LR,3
,Luther,Alsman,luther@gmail.com,227 Albert Terrace,DA17 6EF,3
,Casey,Dondero,casey.dondero@hotmail.com,464 Back Nile St #618,W3 6QJ,3
,Ressie,Bontemps,ressie_bontemps@bontemps.co.uk,42 Eastwood St,PE4 6HB,3
,Sean,Schurman,sean.schurman@schurman.co.uk,2877 Grain St,RG4 5DE,3
,Celestina,Pince,cpince@pince.co.uk,13 Stockdale St #779,OX14 5QH,3
,Maira,Karas,maira.karas@yahoo.com,9 Cropper St,RH10 1YJ,3
,Beth,Barbone,bbarbone@barbone.co.uk,3 Gaskell St,NE30 2NB,3
,Wei,Nobel,wei_nobel@hotmail.com,5221 Royston St,ST21 6GA,3
,Melissia,Slotemaker,mslotemaker@gmail.com,83 St Johns Lane #43,EH49 7LS,3
,Letha,Akey,letha_akey@akey.co.uk,603 Pall Mall,FY3 8ND,3
,Isaac,Semrad,isaac.semrad@semrad.co.uk,76 Dawber St #6,SE3 7JY,3
,Kristine,Klipfel,kristine.klipfel@yahoo.com,3380 Alexander St,CM1 9QQ,3
,Odette,Moussette,odette_moussette@gmail.com,216 Lissant St #8,CM6 1DQ,3
,Hobert,Panfilov,hobert@gmail.com,92 Phythian St #614,TR11 5RR,3
,Isadora,Mchughes,isadora.mchughes@mchughes.co.uk,792 Queens Rd,M32 8LR,3
,Emily,Pogorelc,emily.pogorelc@yahoo.com,5196 York St,SS17 8NS,3
,Desire,Barresi,desire@gmail.com,428 Kearsley St,CV35 7UA,3
,Rosalind,Stamps,rosalind.stamps@stamps.co.uk,8 Chestnut St,BB9 6EW,3
,Vernell,Connley,vernell@hotmail.com,998 Roe St #6,NE48 2BX,3
,Micheline,Mathieson,micheline.mathieson@yahoo.com,3 Copenhagen Rd,AB25 3UZ,7
,Nathan,Outhouse,nathan.outhouse@gmail.com,293 Vivian St,NE2 1EY,7
,Allene,Burau,allene.burau@hotmail.com,8 Barlow St #6,S18 7TH,7
,Julie,Sakshaug,julie@gmail.com,5 Shakspeare St #66,B61 8HD,7
,Francisca,Shuhi,fshuhi@shuhi.co.uk,7 Carolina St,PL31 1QF,7
,Marisha,Wilcoxon,marisha.wilcoxon@gmail.com,52 Trowbridge St,SW1X 9HB,7
,Telma,Maraia,telma@maraia.co.uk,25 Village St,IV30 1SB,7
,Luke,Crete,luke.crete@crete.co.uk,4 Peach St #5112,TN14 7EF,7
,Hubert,Mias,hubert.mias@gmail.com,3614 Old Hall St #604,SO45 2PT,7
,Janella,Altobell,jaltobell@hotmail.com,3768 Hey Green Rd,CV10 0TH,7
,Angelo,Lavista,angelo.lavista@gmail.com,97 Newlands St,L6 9DU,7
,Tran,Mandiola,tran.mandiola@hotmail.com,6226 Maitland St,B70 6DR,7
,Reynalda,Vanhooser,reynalda@vanhooser.co.uk,891 Crocus St,B65 8EZ,7
,Salley,Rieger,salley.rieger@gmail.com,1 Segrave St,B75 6HJ,7
,Cheryll,Yurich,cheryll_yurich@yurich.co.uk,666 Moor Place,ME15 8ST,7
,Crista,Viengxay,crista@yahoo.com,1554 Christopher St,L6 1BG,7
,Lino,Sutulovich,lino.sutulovich@gmail.com,55 Margaret Rd,BD9 4DA,7
,Galen,Wendorf,galen.wendorf@wendorf.co.uk,8830 Antonio St,ME7 1DZ,7
,Gilbert,Langarica,gilbert.langarica@gmail.com,82 Sinclair St,LL57 1DW,7
,Whitney,Goossen,whitney.goossen@hotmail.com,7568 Atlas St,PE22 0HY,7
,Socorro,Abrahams,socorro_abrahams@abrahams.co.uk,93 Clyde Rd #9,PR1 6TN,7
,Mauricio,Flam,mflam@gmail.com,18 Nimrod St,LA14 3SJ,7
,Phillip,Aloi,paloi@hotmail.com,6 Cannock St,LS14 3BW,7
,Gilberto,Erixon,gerixon@gmail.com,2258 Benedict St,TR10 8RP,7
,Thad,Puskarich,thad_puskarich@puskarich.co.uk,9302 Ismay St #6,TN30 6JP,7
,Bambi,Favaron,bambi.favaron@yahoo.com,3347 Lawrence Rd #456,NW5 4EU,7
,Marshall,Kozikowski,marshall@hotmail.com,47 Elwy St,G81 6RT,7
,Chery,Wiederin,cwiederin@yahoo.com,553 Picton Rd,M29 7AA,7
,Eileen,Montecalvo,eileen@yahoo.com,9986 Cantsfield St,SR6 9SD,7
,Melita,Szpak,melita.szpak@szpak.co.uk,1 Sussex St,CF48 1AR,7
,Ashley,Jessie,ashley_jessie@jessie.co.uk,9548 Ogwen St #84,M23 9GB,7
,Laila,Fend,lfend@gmail.com,57 St Georges Hill,NE40 4LJ,7
,Bobbie,Guillereault,bguillereault@gmail.com,385 Upper Hampton St #39,S5 8LL,7
,Dana,Paluszynski,dpaluszynski@paluszynski.co.uk,6378 Lyell St #48,FK21 8TJ,7
,Freida,Newyear,freida_newyear@yahoo.com,675 Falstaff St #170,SK23 0QG,7
,Val,Cellucci,vcellucci@yahoo.com,87 Pelops St,B38 8PL,7
,Horace,Knapp,horace.knapp@yahoo.com,5 Eyes St,DG4 6LF,7
,Joana,Reinecke,jreinecke@reinecke.co.uk,2427 Olney St #7,HP6 6JH,7
,Tiara,Schlichter,tiara_schlichter@schlichter.co.uk,805 Westbank Rd,OL10 2DU,7
,Dacia,Swaisgood,dacia.swaisgood@swaisgood.co.uk,36 Cranmer St #4697,SY8 4LE,7
,Myong,Babineaux,mbabineaux@babineaux.co.uk,2 Kirkdale Rd,E16 4NF,7
,Gene,Bleile,gene_bleile@bleile.co.uk,4687 Atherton St,B11 4HB,7
,Kanisha,Difiora,kanisha@gmail.com,513 Bailey St,LL54 7UP,7
,Ayesha,Moeder,ayesha@gmail.com,620 Old Leeds St,PL11 3DF,7
,Lanie,Smalarz,lanie.smalarz@yahoo.com,5149 Maria Rd,SR8 5RL,7
,Jaleesa,Polintan,jpolintan@polintan.co.uk,8 Taylor St,CO2 9LW,7
,Tamekia,Flotow,tamekia.flotow@hotmail.com,588 Venmore St,TW1 2QH,7
,Ula,Otey,ula@hotmail.com,1 Newby St,B46 3LZ,7
,Rosendo,Ratel,rratel@yahoo.com,5588 Lake St #903,SE19 2TJ,7
,Timmy,Lintner,tlintner@hotmail.com,9112 Hardwick St,DL12 9JB,7
,Zita,Speltz,zita_speltz@yahoo.com,2395 Gloucester Pl,BL1 6DS,7
,Aleisha,Lemm,aleisha.lemm@gmail.com,341 Birchfield St,BH16 6JJ,7
,Naomi,Lavezzo,naomi.lavezzo@yahoo.com,9854 Ranelagh Place,NN9 5EN,7
,Aretha,Bowling,aretha@hotmail.com,8 Nova Scotia,CF83 3AF,7
,Mila,Figuera,mila_figuera@yahoo.com,72 Lime Place,IP14 4HG,7
,Orville,Zuehl,orville_zuehl@zuehl.co.uk,907 Denman St,DN17 4EN,7
,Gabriele,Geschke,gabriele@geschke.co.uk,5 Garfield St #9,ME10 2EJ,7
,Kara,Jaquish,kara@yahoo.com,345 Feltwell Rd,NN15 6BB,7
,Kenny,Lin,kenny@lin.co.uk,1 Towson St,KY14 6AH,7
,Vashti,Sugai,vashti@gmail.com,4 Candia St #6,CV36 4HE,7
,Jordan,Handsaker,jordan_handsaker@gmail.com,2 Cherry Lane,ME2 2NJ,7
,Carisa,Degenhardt,carisa.degenhardt@degenhardt.co.uk,7 Britannia Ave #875,PR4 3RQ,7
,Audrie,Danaher,adanaher@yahoo.com,63 Brunswick Sq,SA15 5YN,7
,Shaunna,Rodamis,shaunna.rodamis@yahoo.com,5 Gainsborough Rd,SE1 6EH,7
,Coleen,Langer,coleen.langer@hotmail.com,745 Goodall St #9309,TF13 6HB,7
,Katie,Choinski,katie@choinski.co.uk,1267 Alderson Rd,GL3 2BA,7
,Dannie,Brau,dbrau@brau.co.uk,2 Gay St #3702,PE7 2QA,7
,Ashanti,Donn,adonn@yahoo.com,3409 Benns Gardens,TN38 9NE,7
,Madalyn,Dubberly,madalyn.dubberly@gmail.com,1 Lower Burlington St,DA11 8RN,7
,Santos,Signore,santos@gmail.com,4706 Chapel Place #5993,BN44 3DF,7
,Alyce,Flamino,alyce@yahoo.com,4 Mather St,CV6 4BN,7
,Pearly,Ero,pero@hotmail.com,9960 Gilroy Rd,N12 9JT,7
,Cherrie,Nitschke,cherrie_nitschke@yahoo.com,3 Burnall St,BD20 6DA,7
,Maia,Shadd,maia_shadd@gmail.com,8 Bigham Rd,CT14 9QJ,7
,Edwin,Logghe,edwin_logghe@hotmail.com,950 Gordon St,DE75 7FZ,7
,Leigha,Semenza,lsemenza@yahoo.com,784 Juno St #7653,RH12 4GW,7
,Walker,Seeger,walker.seeger@yahoo.com,69 Chantrey St #90,NR12 0YB,7
,Nakita,Rodrigues,nakita_rodrigues@gmail.com,4 Northbrook St #600,N18 2NF,7
,Kattie,Ozane,kozane@gmail.com,526 Liffey St #759,BA13 3QU,7
,Lamar,Suite,lsuite@yahoo.com,6301 Dorset Rd,UB9 6LF,7
,Juliana,Uken,juliana.uken@yahoo.com,4 Summer Seat Bootle,BN2 4TL,7
,Chan,Loftin,chan@gmail.com,84 Walton Village,BS7 0AX,7
,Delpha,Detamore,delpha.detamore@yahoo.com,8 Tagus St #9814,CA25 5EF,7
,Floyd,Tivis,floyd_tivis@hotmail.com,770 Jamaica St,LL34 6BH,7
,Chantell,Besong,chantell_besong@gmail.com,11 Tetlow St,SW6 4QP,7
,Martin,Fonua,mfonua@yahoo.com,7642 Ledward St,L19 0LN,7
,Hyun,Erdman,hyun@gmail.com,1432 Rutland Ave,TN22 9EF,3
,Nada,Arey,nada@hotmail.com,22 Harewood St #95,ST17 0RU,3
,Elizabeth,Pata,elizabeth@gmail.com,645 Lister Drive,NE66 2LQ,3
,Dominic,Washmuth,dwashmuth@hotmail.com,8977 Old Leeds St #87,DT8 3DR,3
,Alise,Packebush,alise.packebush@gmail.com,22 Delamore St,HR1 2EA,3
,Flo,Bardsley,flo.bardsley@hotmail.com,35 Walton Lane,LE11 4PF,3
,Bonita,Sandblom,bsandblom@gmail.com,22 Kilshaw St,SW19 7DT,3
,Royal,Rush,royal.rush@yahoo.com,1 Argyle St,SK14 5AR,3
,Erasmo,Talentino,erasmo.talentino@hotmail.com,3 Garden Lane,S75 5JY,3
,Mari,Smeby,msmeby@gmail.com,4309 Chisenhale St,DY14 9XQ,3
,Eleonora,Ventry,eleonora@gmail.com,758 Woodhouse St,B21 0UE,3
,Therese,Shiraki,tshiraki@gmail.com,18 Ouse St,HP11 2PJ,3
,Rodolfo,Scavuzzo,rodolfo_scavuzzo@yahoo.com,5 Ruskin St,KA11 2BP,3
,Cruz,Fanelli,cruz@hotmail.com,4565 Blackstock St,ST4 5BW,3
,Arlyne,Dellinger,arlyne.dellinger@yahoo.com,8361 Cottenham St,SO45 1QQ,3
,Edward,Strejan,edward_strejan@gmail.com,1267 Audley St,NN15 5DB,3
,Christoper,Sheneman,christoper@gmail.com,845 Atherton St,TN16 2AR,3
,Melda,Colamarino,melda.colamarino@colamarino.co.uk,150 Margaret Rd,ME19 4DT,3
,Margot,Peay,margot.peay@yahoo.com,9923 Dinorben St #4838,NW11 8DY,3
,Gerald,Drozdenko,gdrozdenko@yahoo.com,186 Craven St #68,SY4 2JX,3
,Tomoko,Renno,tomoko@renno.co.uk,5160 High St #38,BN3 6EA,3
,Mendy,Wassmann,mendy.wassmann@wassmann.co.uk,3833 Sidney Rd,L32 3XS,3
,Daryl,Hilcher,dhilcher@hotmail.com,6267 Greenland St,WF1 4LW,3
,Ty,Feeback,tfeeback@gmail.com,14 Landseer Rd,DG1 9SY,3
,King,Vanacore,king_vanacore@yahoo.com,30 Seville St,BN20 7QU,3
,Isidra,Varnado,ivarnado@varnado.co.uk,79 Chelmsford St,CH8 7UP,3
,Tonja,Driesenga,tdriesenga@driesenga.co.uk,8 South John St,NN6 9XW,3
,Shaquana,Featherston,shaquana@hotmail.com,50 Townsend St,OL9 0NS,3
,Gilberto,Feagins,gfeagins@gmail.com,7643 Campbell St,BR3 1LT,3
,Rex,Faehnle,rfaehnle@faehnle.co.uk,371 Oakleigh,BA12 8NR,3
,Adolph,Cunningham,adolph_cunningham@hotmail.com,9874 Oakfield Rd,SR5 5PT,3
,Queen,Leader,queen_leader@gmail.com,6 Princes St,G75 8YR,3
,Rebbecca,Rufenacht,rrufenacht@yahoo.com,4190 Seacombe St,NN12 8AA,3
,Ardella,Goldrup,ardella.goldrup@goldrup.co.uk,3145 Rhyl St,YO43 3QE,3
,Dallas,Miyashiro,dallas_miyashiro@miyashiro.co.uk,4919 Lime Grove,SY13 4HB,3
,Vivan,Jenious,vjenious@yahoo.com,8 Carolina St,RH10 8EZ,3
,Han,Dzledzic,han_dzledzic@hotmail.com,1592 Price St,NE20 9TF,3
,Emilio,Guitierrez,emilio_guitierrez@guitierrez.co.uk,2 Weller St,DL6 2AS,3
,Latia,Cos,lcos@yahoo.com,18 Thomas St,PO22 0JT,3
,Lilli,Cureau,lilli@yahoo.com,42 Hey Green Rd,PR1 6TL,3
,Maryanne,Siske,maryanne@hotmail.com,256 Vesuvius St #159,LS24 9UA,3
,Eliz,Strimple,eliz@gmail.com,82 Denison St #2642,M25 1JB,3
,Laura,Gumaer,laura_gumaer@gmail.com,1779 Bird St,SW14 8JZ,3
,Leanora,Respicio,lrespicio@respicio.co.uk,99 College St South #1,NE6 2RX,3
,Sherell,Pomarico,spomarico@hotmail.com,29 Greenleaf St,LL62 5HD,3
,Charlie,Isita,charlie@isita.co.uk,39 Hooton Place,G78 3AB,3
,Veronique,Nuckolls,vnuckolls@gmail.com,198 Ranelagh Place,AB43 6RD,3
,Antonio,Villamarin,antonio.villamarin@gmail.com,353 Standish St #8264,CM20 2HT,3
,Louvenia,Kincannon,lkincannon@kincannon.co.uk,87 Eldon Place,BB12 7RY,8
,Roxanne,Hedegore,roxanne_hedegore@gmail.com,592 Catharine St,G72 0RZ,8
,Eve,Hoffstot,eve.hoffstot@yahoo.com,1661 Arrow St,YO26 8DA,8
,Kenda,Koza,kkoza@koza.co.uk,7 Netley St,E16 3DP,8
,Elden,Mercik,elden_mercik@mercik.co.uk,7 St Edmonds Rd,CT15 4HH,8
,Kami,Ferre,kami@yahoo.com,6996 Wrenbury St,CV6 5RS,8
,Selene,Zeng,selene@yahoo.com,2 Prince Rupert St,BR3 6SX,8
,Deangelo,Rardon,deangelo_rardon@yahoo.com,9970 Clyde Rd,KT15 3NW,8
,Olen,Ailey,olen@gmail.com,9 Fielding St,WV5 0BB,8
,Lanie,Smarsh,lanie@yahoo.com,555 Ludlow St,BA14 9JB,8
,Lynna,Breheny,lynna@yahoo.com,1 James St #4,KY16 9EE,8
,Jody,Klitzing,jody_klitzing@hotmail.com,3 Byng St #524,EX1 3SF,8
,Antonio,Glasford,antonio_glasford@glasford.co.uk,425 Howley St,NP20 3DE,8
,Merilyn,Scurci,merilyn_scurci@hotmail.com,4041 Virgil St,KT18 6PZ,8
,Elliott,Kins,elliott@gmail.com,32 High Park St #44,PE30 1QE,8
,Leonie,Devereux,leonie_devereux@gmail.com,88 Vernon St,EH42 1SJ,8
,Eulah,Syrop,eulah@syrop.co.uk,62 Euston St,EC1Y 8RT,8
,Marsha,Tarry,marsha.tarry@yahoo.com,74 Medlock St,M20 1JG,8
,Mignon,Luger,mignon@gmail.com,80 Talbot St,SK3 9RD,8
,Tu,Rivet,tu_rivet@gmail.com,31 Buckingham Ave #3785,BS6 5SR,8
,Adelle,Schantini,adelle_schantini@yahoo.com,162 Grayson St,FY2 0TD,8
,Douglass,Fonnesbeck,douglass@fonnesbeck.co.uk,5 Webb St #8,ST4 1EB,8
,Evette,Mazierski,emazierski@mazierski.co.uk,8092 Firdale Rd,LE5 5RE,8
,Geraldo,Okoren,gokoren@okoren.co.uk,68 Carno St,LS10 1SJ,8
,Clarinda,Pelayo,cpelayo@pelayo.co.uk,714 Moored St,LL18 6DH,8
,Reuben,Mccorrison,reuben.mccorrison@hotmail.com,545 North John St,KT11 2HT,8
,Yen,Groody,ygroody@groody.co.uk,21 Pilgrim St,LU7 2NZ,8
,Tanja,Milne,tanja.milne@yahoo.com,9772 Teilo St,DH5 0PH,8
,Jerlene,Holtgrewe,jholtgrewe@yahoo.com,33 Fonthill Rd,B36 8JE,8
,Almeta,Keehner,akeehner@hotmail.com,3 Ivyleigh,S40 4LW,8
,Wilda,Brigham,wilda@brigham.co.uk,501 Sandon Terrace #200,CO16 9LZ,8
,Remedios,Arlinghaus,remedios.arlinghaus@gmail.com,9 Duckenfield St,HU11 4QA,8
,Margret,Alcazar,margret@alcazar.co.uk,5466 Sedley St,ML5 4LJ,8
,Denny,Casalenda,dcasalenda@gmail.com,75 Brewster St #453,RG1 5EX,8
,Carolynn,Atkison,carolynn.atkison@hotmail.com,7901 Beech St,SM4 5PY,8
,Amina,Goulbourne,amina@yahoo.com,684 Cotswold St,E9 7NG,8
,Janna,Przybyl,jprzybyl@przybyl.co.uk,5 April Rd #13,DN1 2TU,8
,Emiko,Sayre,emiko.sayre@yahoo.com,8 Village St,GU18 5YQ,8
,In,Muns,in_muns@muns.co.uk,7 Haddock St #34,FY8 3TF,8
,Eleni,Vanscoik,eleni_vanscoik@gmail.com,9 Mather St,B73 6HH,8
,Kandis,Alsbury,kalsbury@hotmail.com,70 Rose Vale,IP18 6PE,8
,Kina,Saltman,kina_saltman@gmail.com,29 Oregon St,NG11 6JT,8
,Jacki,Sterback,jacki.sterback@gmail.com,15 East Albert Rd,OX13 5AW,8
,Fallon,Kerfoot,fallon.kerfoot@gmail.com,3186 Naylor St,S2 1HP,8
,Precious,Brabble,precious_brabble@brabble.co.uk,9 Herbert St #77,WD7 9AQ,8
,Glory,Ona,glory_ona@gmail.com,9830 Croxteth Rd,WF8 3YR,8
,Tamesha,Tyburski,tamesha.tyburski@gmail.com,1054 Gladys St,ML4 3EJ,8
,Brande,Cutlip,bcutlip@yahoo.com,921 Douro St #1520,CF62 3HN,8
,Olene,Skubis,olene_skubis@yahoo.com,180 Frodsham St,HP2 7BD,8
,Carey,Marchetta,cmarchetta@hotmail.com,7217 Edge Grove,M22 4ZB,8
,Launa,Torez,launa.torez@yahoo.com,12 Gelling St,FK16 6DU,8
,Dominga,Whitrock,dominga@whitrock.co.uk,763 Roscoe St,NE11 0AN,8
,Dwight,Belyea,dbelyea@belyea.co.uk,419 St Andrew St,WR9 7NS,8
,Cornell,Mccrossin,cornell.mccrossin@mccrossin.co.uk,623 Cornhill,DE13 0DH,8
,Alverta,Topete,alverta.topete@gmail.com,328 Havelock St #61,KT15 2NL,8
,Felicia,Claybrooks,felicia@claybrooks.co.uk,1056 College St South,DH2 2JZ,8
,Carmen,Gillham,carmen@hotmail.com,11 Denison St #7,WA2 9QB,8
,Ashlee,Beyl,ashlee.beyl@hotmail.com,30 Daulby St,BA20 2EJ,8
,Vannessa,Land,vannessa.land@yahoo.com,201 Bran St,TW15 2AJ,8
,Patti,Rempel,patti@rempel.co.uk,1346 Vandyke St,BN3 6NS,8
,German,Meyerhoff,german@meyerhoff.co.uk,883 Howe St,BB5 5TJ,8
,Anika,Marse,anika@marse.co.uk,231 Wordsworth St,HA3 6TH,8
,Cristina,Marola,cmarola@gmail.com,2449 Amberly St #6364,LS15 0PQ,8
,Lemuel,Allis,lemuel_allis@yahoo.com,8430 Shadwell St,WS5 4SU,8
,Joaquin,Hysom,jhysom@gmail.com,115 Lister Rd,BB5 2EY,8
,Kerrie,Makuch,kmakuch@gmail.com,7855 Sir Thomas St #7499,PL17 8AR,8
,Alaine,Raterman,alaine@hotmail.com,1 Milton St,HP16 0DH,8
,Shannon,Kobayashi,shannon@yahoo.com,1111 Nesfield St,BL2 2SU,8
,Corinne,Holman,corinne@holman.co.uk,1831 Richards St #8,HP4 2AF,8
,Heidy,Hallford,hhallford@hotmail.com,8054 Low Hill,GL52 3BY,8
,Marylyn,Shonerd,marylyn_shonerd@yahoo.com,7252 Dansie St,N2 9JL,8
,Maryln,Mortenson,maryln@gmail.com,76 Paulton St,W2 3JT,8
,Pearlie,Flori,pearlie_flori@gmail.com,4 Cochrane St,ME9 8UJ,8
,Nina,Yaklin,nyaklin@hotmail.com,5679 Gloucester Pl,G40 4BH,8
,Vivienne,Torrain,vivienne@hotmail.com,45 Ledward St,BD15 0NJ,8
,Jacob,Kippel,jacob.kippel@yahoo.com,4 Monmouth Rd,CF40 2JJ,8
,Tula,Nahmias,tnahmias@nahmias.co.uk,64 Croyland St,FK10 2LA,8
,Berry,Scandalis,berry.scandalis@gmail.com,4 Vivian St,BB2 6LB,8
,Kaycee,Carsten,kaycee.carsten@gmail.com,35 Dublin St,GL7 2EY,8
,Melvin,Setter,melvin_setter@setter.co.uk,87 Pickup St,DY10 2ZQ,8
,Brianne,Matsumura,brianne@matsumura.co.uk,7 Cottenham St,ML1 4TD,8
,Eugene,Pelzer,eugene_pelzer@gmail.com,622 Holmes St,WV10 0AW,8
,Margery,Rohrs,margery@hotmail.com,40 Peters Lane,BD23 4NF,8
,Noel,Sarra,nsarra@gmail.com,2 Cockburn St,SR7 0AR,8
,Beula,Lingo,beula_lingo@yahoo.com,65 Oban Rd,PL25 5AH,8
,Sheridan,Mckenize,sheridan.mckenize@hotmail.com,31 Davy St,TQ7 4NF,8
,Dino,Meinert,dino.meinert@yahoo.com,80 Ellerslie Rd,GU31 5JN,8
,Rebbeca,Rubinstein,rebbeca_rubinstein@hotmail.com,4 Sherwood St,L24 6SH,8
,Celia,Reisling,celia.reisling@hotmail.com,8362 Whithorn St,KT22 8AP,8
,Stefania,Weatherwax,sweatherwax@yahoo.com,25 Dale St #2,G66 3LX,8
,Leah,Luchterhand,leah@hotmail.com,68 Scotland Place,LE11 2NX,8
,Billy,Selma,billy.selma@yahoo.com,338 Alfonso Rd,EX2 8LL,8
,Doug,Lucore,dlucore@yahoo.com,65 Rankin St,NN11 3QR,8
,Veronica,Mcclodden,veronica@hotmail.com,8 Cookson St,LS15 9EP,8
,Laquanda,Kho,laquanda.kho@yahoo.com,7 Lockhart St,B14 5HS,8
,Mohammad,Poitra,mpoitra@yahoo.com,363 Vandries St,SS0 7TF,8
,Mozell,Westad,mozell.westad@westad.co.uk,8 Gertrude St,OL5 0QJ,8
,Bronwyn,Bridgford,bronwyn.bridgford@yahoo.com,826 Rumney Rd West #7,IV15 9SD,8
,Jeff,Brossoit,jeff.brossoit@yahoo.com,954 Madelaine St,SN5 8WG,8
,Shantay,Hopman,shopman@hopman.co.uk,7602 Brook St #86,NG18 9SZ,8
,Chantay,Jirsa,chantay_jirsa@jirsa.co.uk,966 Bower St,GU16 9BB,8
,Keneth,Stpierrie,keneth_stpierrie@hotmail.com,2 Seacombe St,OL15 0JP,8
,Alton,Rampy,alton_rampy@gmail.com,83 Battenburg St,KA26 0DY,8
,Patrick,Teisberg,patrick@hotmail.com,2 Whitefield Rd,SS9 2DJ,8
,Theron,Merriam,theron@merriam.co.uk,869 Luke St,GU5 0QU,8
,Pilar,Seelig,pilar@yahoo.com,4 Ogwen St,PO19 9PF,8
,Lashunda,Argiro,lashunda@yahoo.com,205 Forge St #4021,LS21 2LS,8
,Verda,Chiphe,vchiphe@chiphe.co.uk,999 Upper Harrington St #61,WA12 9WX,8
,Ashley,Tropp,ashley.tropp@gmail.com,3 Greenleaf St #5644,NE24 2RY,8
,Vesta,Havely,vhavely@havely.co.uk,493 Wellington Rd,PR3 0UH,8
,Emogene,Ritthaler,emogene.ritthaler@yahoo.com,1257 Stone St,HA6 1AN,8
,Shayne,Mordhorst,smordhorst@mordhorst.co.uk,1 Bousfield St,SY3 8NG,8
,Franchesca,Charry,franchesca@gmail.com,59 Westminster Rd,GU14 8AY,8
,Elmira,Ringlein,eringlein@gmail.com,143 Clark St #802,BL1 2PS,8
,Destiny,Madlem,destiny@yahoo.com,421 Monument Place #44,TS21 1BA,8
,Gaston,Szumski,gaston.szumski@hotmail.com,8 Gullett St,AB51 0HT,8
,Ronna,Mittler,ronna_mittler@hotmail.com,2767 Pembroke St #979,SN10 3FQ,8
,Angelica,Poisso,apoisso@gmail.com,47 Orry St #8243,WF10 4DW,8
,Casie,Arzilli,casie@gmail.com,5 Noon St,LE13 0RG,8
,Magdalene,Cocherell,magdalene_cocherell@yahoo.com,510 Belvidere Rd,CM1 4BY,8
,Erasmo,Gath,egath@hotmail.com,860 Rokeby St,SL5 0AZ,8
,Rosalia,Ziv,rosalia.ziv@ziv.co.uk,9362 Solomon St #97,NN8 4DR,8
,Lyda,Cronholm,lyda.cronholm@cronholm.co.uk,916 Strand St #4753,ST13 5AW,8
,Lisandra,Stueber,lisandra_stueber@hotmail.com,5 Bentinck St,SW1V 3EW,8
,Sabina,Prok,sabina.prok@prok.co.uk,954 Birchdale Rd,NG8 5PY,8
,Elenore,Gomoran,elenore_gomoran@yahoo.com,7 Great Orford St,PL17 7DT,8
,Brynn,Capra,brynn_capra@yahoo.com,488 Mulberry St,NG15 9AE,8
,Leeann,Flory,leeann@gmail.com,1761 Johnstone St,CM17 9TZ,8
,Janet,Steimer,janet_steimer@hotmail.com,8899 Mere Lane,EH20 9SJ,8
,Lewis,Mellom,lewis@yahoo.com,6 St Hilda St,S1 1EQ,8
,Jestine,Driscol,jestine_driscol@driscol.co.uk,2725 Underley St #6452,FK3 8UB,8
,Tatum,Parks,tparks@parks.co.uk,6061 Back Nile St,LL28 4NL,8
,Kayleigh,Bendle,kayleigh.bendle@bendle.co.uk,9735 Linton St #2284,AB16 7RW,8
,Lili,Imondi,lili_imondi@hotmail.com,9 Herbert St,NE24 3DQ,8
,Sunshine,Senechal,sunshine.senechal@hotmail.com,40 Cairo St,CV34 5LQ,8
,Remona,Heier,remona.heier@heier.co.uk,7199 St Clare Rd,PA16 7BT,8
,Gail,Carris,gcarris@hotmail.com,6 Conyers St #3346,ML3 7TE,8
,Dong,Oropeza,doropeza@hotmail.com,8657 Cedar St #2,KY13 8EQ,8
,Larue,Ocacio,larue@yahoo.com,8 Jacob St,NG5 6JB,8
,Goldie,Sonkens,gsonkens@sonkens.co.uk,6174 Botanic Pl,PE3 7BJ,8
,Shelia,Plues,shelia@gmail.com,9730 Dunnet St,CA7 4RB,8
,Narcisa,Araiza,naraiza@hotmail.com,8783 High St,CB24 6ZR,8
,Evelynn,Frede,evelynn.frede@gmail.com,8 Breckfield Road North,SR7 0AZ,8
,Arlean,Calaf,acalaf@yahoo.com,82 Waterhouse Lane,CF72 8LB,8
,Tamra,Yu,tamra.yu@hotmail.com,2 Park Rd Walton #4338,GL50 2LF,8
,Dusti,Maricle,dusti@gmail.com,59 Charles St,TN23 4GF,8
,Aracelis,Donham,aracelis.donham@hotmail.com,593 Kinglake St,SG8 7TP,8
,Filiberto,Fredrikson,filiberto_fredrikson@gmail.com,404 Aigburth St #4246,BB1 2AA,8
,Leana,Stackpole,lstackpole@yahoo.com,690 Copenhagen Rd,NR23 1NJ,8
,Man,Homer,man.homer@gmail.com,7 Canton St,N1 4RF,8
,Lennie,Asley,lennie_asley@gmail.com,79 Pine St,M26 1GH,8
,Arletta,Naomi,arletta_naomi@naomi.co.uk,9 Lodwick St,LS1 8HZ,8
,Chana,Perera,chana.perera@hotmail.com,9 Ogwen St,ML2 8LW,8
,Nell,Pao,npao@gmail.com,1730 Seymour St,BN41 1QH,4
,Antonio,Heilig,antonio.heilig@gmail.com,35 Elton St #3,TQ12 5LL,4
,Gerald,Kernagis,gerald_kernagis@kernagis.co.uk,8 Hinton St #8241,TN25 6BQ,4
,Sueann,Mandril,smandril@hotmail.com,751 Stamford St,ST9 0AH,4
,Alayna,Hoyal,alayna_hoyal@hotmail.com,70 Royal St,AB31 4AH,4
,Talia,Marthe,talia.marthe@gmail.com,5 Minerva St,BA13 3QR,4
,Pansy,Kopan,pansy@kopan.co.uk,1 Northampton St,TF7 4GA,4
,Royce,Saik,royce@hotmail.com,2 Maple Grove,AB12 5EJ,4
,Cherelle,Sorrel,cherelle_sorrel@gmail.com,794 Hook St,NE15 7JA,4
,Dudley,Dibartolo,dudley_dibartolo@yahoo.com,91 Ludlow St,N12 0EF,4
,Nettie,Aldaco,nettie.aldaco@yahoo.com,51 Freehold St #224,DN2 4PP,4
,Carline,Bulcao,carline@yahoo.com,7 Hey Green Rd #4,LS26 8XE,4
,Shanda,Lunger,slunger@gmail.com,2476 Marsh St,E17 8NP,4
,Emilio,Withers,emilio_withers@yahoo.com,597 Threlfall St #72,TQ7 2HS,4
,Lovetta,Study,lovetta@study.co.uk,1 Jervis St,EN5 4LH,4
,Felice,Gone,felice.gone@hotmail.com,7602 Grantham St,NE46 1QQ,4
,Stefania,Leadbeater,stefania_leadbeater@hotmail.com,10 Carisbrooke St,DA12 3ED,4
,Margarita,Orloski,margarita_orloski@yahoo.com,78 Pine Grove,S6 5HE,4
,Paul,Farrin,paul.farrin@farrin.co.uk,7 Varthen St,DA1 2DL,4
,Anglea,Tritten,anglea_tritten@hotmail.com,8 Thomaston St,BL1 8RG,4
,Ona,Bowhall,ona@yahoo.com,527 Harding St,LN8 3AD,4
,Germaine,Hascall,ghascall@hotmail.com,1616 Menzies St #453,KT20 7PA,4
,Vicky,Schellenberge,vschellenberge@hotmail.com,3922 Leda St,CV35 9BX,4
,Carolann,Gross,carolann@gross.co.uk,6352 Grosvenor St,WV5 0LP,4
,Rusty,Adelsperger,rusty.adelsperger@yahoo.com,4313 Princes Park Terrace,PL15 9QN,4
,Cassandra,Bludworth,cbludworth@yahoo.com,9 Sydney Place,LL16 5AF,4
,Teresita,Gesell,teresita_gesell@hotmail.com,2015 Suburban Rd,N16 6TD,4
,Evangelina,Gius,evangelina.gius@yahoo.com,769 Euston St,BA6 8EY,4
,Marlon,Tromblay,mtromblay@yahoo.com,46 Stevenson St,DD1 5EF,4
,Quiana,Scarsella,quiana_scarsella@hotmail.com,1400 Ash St,NR1 4HS,4
,Viki,Humeniuk,vhumeniuk@gmail.com,8822 Trafalgar St,ME18 6JE,4
,Domitila,Weissmann,domitila@gmail.com,28 Berwick St,BH9 1TT,4
,Ivan,Aronov,ivan@gmail.com,94 Regent St,LA6 1DB,4
,Anabel,Baldock,anabel_baldock@hotmail.com,30 Marine Parade #1,FY5 4FN,4
,Carlton,Blyler,carlton@blyler.co.uk,8 Pim Hill St,EH15 2HW,4
,Rashida,Vera,rashida@hotmail.com,8451 Bengel St,TQ5 9JW,4
,Sherron,Knodel,sherron@knodel.co.uk,159 Carlton St,WA10 6QG,4
,Cora,Mossing,cora@yahoo.com,38 Raffles St,CB8 8QE,4
,Altha,Tischner,altha@hotmail.com,650 Goring St,ME8 9PN,4
,Dortha,Yaccarino,dortha@hotmail.com,6 Chestnut St,LL11 4RJ,4
,Diego,Augle,diego.augle@gmail.com,4 Peover St,BA1 6EF,4
,Peggy,Khov,peggy.khov@gmail.com,328 Pallas St,M32 8LJ,4
,Walton,Yuki,wyuki@gmail.com,9 Waltham Rd,PL8 2NS,4
,Vallie,Yafaie,vyafaie@hotmail.com,352 Strathmore Rd,TQ2 7JB,4
,Tony,Diazdeleon,tony@gmail.com,529 Llanrwst St,GL52 8TW,4
,Val,Villot,val@yahoo.com,1980 Tynemouth St,EH52 5PY,4
,Mel,Picciuto,mel.picciuto@gmail.com,8598 Rumney Rd,RM11 1QL,4
,Isabella,Piatkowski,isabella_piatkowski@piatkowski.co.uk,9283 Ruth St #81,UB1 2FH,4
,Erasmo,Rhea,erasmo_rhea@hotmail.com,5544 Sutherland St,EX34 7DQ,4
,Ivory,Lohrenz,ivory@hotmail.com,9 Jackson St,WA9 3QW,4
,Nikita,Walka,nwalka@hotmail.com,3612 Bixteth St,NG15 8DD,4
,Aleta,Ligons,aleta_ligons@hotmail.com,4545 Victoria Rd,KA15 1AT,4
,Owen,Jentzen,owen_jentzen@jentzen.co.uk,5 Hampden St,CH45 4RN,4
,Pauline,Fling,pfling@fling.co.uk,6452 Pilgrim St #5,N15 6TH,4
,Tijuana,Machalek,tijuana.machalek@gmail.com,1149 Highfield Rd #996,PO14 9JJ,4
,Ahmad,Alsaqri,ahmad.alsaqri@yahoo.com,21 Pickwick St,S44 5DS,4
,Jamika,Conoly,jamika_conoly@conoly.co.uk,19 Soho St,RG1 9XH,4
,Derrick,Dolloff,derrick_dolloff@gmail.com,236 Blantyre Rd,L6 2EN,4
,Jacquelyne,Reibman,jacquelyne_reibman@yahoo.com,70 Lilly Rd,CR0 7PT,4
,Zachary,Freeburger,zachary.freeburger@freeburger.co.uk,58 Gloucester Rd,DE56 0TX,4
,Sophia,Gaucher,sophia.gaucher@hotmail.com,88 Upper Harrington St,G69 8EL,4
,Isabelle,Kono,isabelle.kono@yahoo.com,4920 Fazakerley Rd,PL9 8RD,4
,Ronnie,Brigman,ronnie@brigman.co.uk,6 Morley St,AL3 5JN,4
,Krystina,Schlabaugh,kschlabaugh@schlabaugh.co.uk,7316 Friar St,BN13 3FL,4
,Rosita,Ausdemore,rausdemore@hotmail.com,8 Heathfield St #657,BN27 1AJ,4
,Huey,Stancil,hstancil@hotmail.com,275 Peel Sq,DN32 0PT,4
,Elbert,Fiorino,elbert@hotmail.com,726 Westmoreland Place,KA5 6EL,5
,Pura,Manciel,pura.manciel@yahoo.com,7 Water St,IP3 9RB,5
,Alesia,Katie,alesia_katie@gmail.com,4 Covent Garden,BL4 7AF,5
,Avery,Veit,avery@veit.co.uk,9166 Devon St #905,SW1W 8JY,5
,Reid,Euresti,reuresti@euresti.co.uk,70 Foster St,IV2 6WT,5
,Charlette,Brenning,cbrenning@brenning.co.uk,714 Fonthill Rd,S75 5EJ,5
,Celestina,Keeny,celestina_keeny@gmail.com,9 Milton St,DH8 5LP,5
,Mi,Richan,mi@hotmail.com,6 Norwood Grove,B94 5RZ,5
